攻略标签	名称	ID
阵容搭配	《金铲铲之战》呲呲主c阵容推荐	7200289534511682599
阵容搭配	《金铲铲之战》重骑转凤凰阵容搭配攻略	7200289576840549387
阵容搭配	《金铲铲之战》重骑刺法阵容玩法攻略	7200289662022718467
阵容搭配	《金铲铲之战》斩四龙雷恩加尔阵容攻略	7200289940192728064
阵容搭配	《金铲铲之战》玉龙尊者卡尔玛阵容推荐	7200290001652405288
阵容搭配	《金铲铲之战》玉龙秘阵容玩法攻略	7200289520670528569
阵容搭配	《金铲铲之战》玉龙冒险刺阵容攻略	7200289834366342182
阵容搭配	《金铲铲之战》玉龙九五阵容玩法攻略	7200289503092085821
阵容搭配	《金铲铲之战》源计划激光特工阵容攻略	7200290101300384808
阵容搭配	《金铲铲之战》幽影烈焰炮阵容玩法攻略	7200289505650676776
阵容搭配	《金铲铲之战》幽影狂刃剑魔阵容攻略	7200289534482289668
阵容搭配	《金铲铲之战》幽影婕拉阵容搭配攻略	7200289536402871331
阵容搭配	《金铲铲之战》幽影迭嘉阵容玩法攻略	7200276008304628751
阵容搭配	《金铲铲之战》幽影碧波法阵容搭配攻略	7200289575468569652
阵容搭配	《金铲铲之战》隐秘之海阵容搭配	7200290040000894004
阵容搭配	《金铲铲之战》隐秘之海秘法诺姆希阵容攻略	7200289633790415883
阵容搭配	《金铲铲之战》烟花迭嘉玩法攻略	7200289520360182799
阵容搭配	《金铲铲之战》驯龙赛芬阵容玩法攻略	7200290058900427791
阵容搭配	《金铲铲之战》驯龙蛤蟆阵容玩法攻略	7200289727336829985
阵容搭配	《金铲铲之战》驯龙传送法阵容搭配攻略	7200289735540085815
阵容搭配	《金铲铲之战》星界魔导索尔阵容玩法攻略	7200289642883765307
阵容搭配	《金铲铲之战》星界龙法阵容攻略	7200289503243424828
阵容搭配	《金铲铲之战》星界法韦阵容搭配推荐	7200289633459000379
阵容搭配	《金铲铲之战》猩红转九五阵容攻略	7200289772030825484
阵容搭配	《金铲铲之战》屠龙狂刃奥拉夫阵容攻略	7200289687536260129
阵容搭配	《金铲铲之战》天选福星阵容推荐	7200289490471064631
阵容搭配	《金铲铲之战》天选福星猩红之月卡莉斯塔阵容推荐	7200289710743639074
阵容搭配	《金铲铲之战》天选福星七法龙魂龙王玩法攻略	7200289662366438439
阵容搭配	《金铲铲之战》天选福星羁绊汇总	7200289966600524832
阵容搭配	《金铲铲之战》天选福星羁绊大全	7200276000297604135
阵容搭配	《金铲铲之战》天神决斗阵容推荐	7200289819317736486
阵容搭配	《金铲铲之战》天神决斗阵容攻略	7200290016835687456
阵容搭配	《金铲铲之战》天神裁决阵容攻略	7200289662282355724
阵容搭配	《金铲铲之战》四忍六刺阵容攻略	7200289703332025344
阵容搭配	《金铲铲之战》四龙神阵容攻略	7200289845279822885
阵容搭配	《金铲铲之战》四龙九五阵容玩法攻略	7200289632649516072
阵容搭配	《金铲铲之战》神龙卡莎阵容搭配攻略	7200290050113115151
阵容搭配	《金铲铲之战》神龙卡尔玛玩法攻略	7200289668479685664
阵容搭配	《金铲铲之战》神龙努努阵容玩法攻略	7200289671048565800
阵容搭配	《金铲铲之战》神龙内瑟斯阵容玩法攻略	7200289566732145702
阵容搭配	《金铲铲之战》神龙凤凰阵容玩法攻略	7200289552341144608
阵容搭配	《金铲铲之战》三龙迭嘉阵容推荐	7200289820097614863
阵容搭配	《金铲铲之战》拼多多妖姬阵容玩法介绍	7200289576869876739
阵容搭配	《金铲铲之战》拼多多薇恩卡莎阵容攻略	7200289894361797672
阵容搭配	《金铲铲之战》拼多多刀霞阵容玩法攻略	7200289496041346083
阵容搭配	《金铲铲之战》拼多多碧波龙阵容攻略	7200289610981708812
阵容搭配	《金铲铲之战》怒翼重骑诺姆希阵容搭配攻略	7200289870777046055
阵容搭配	《金铲铲之战》魔盗团九五阵容玩法攻略	7200289568150099000
阵容搭配	《金铲铲之战》秘术赛芬阵容玩法攻略	7200289771414361127
阵容搭配	《金铲铲之战》瞄准镜狂刃玩法攻略	7200289561925833761
阵容搭配	《金铲铲之战》冒险换形呲呲阵容推荐	7200289519713817657
阵容搭配	《金铲铲之战》冒险刀韦阵容攻略	7200289542946100276
阵容搭配	《金铲铲之战》冒险熬兴阵容玩法攻略	7200289958660346912
阵容搭配	《金铲铲之战》龙族小天才法师阵容攻略	7200289632884413475
阵容搭配	《金铲铲之战》龙神九五阵容攻略	7200289515779822632
阵容搭配	《金铲铲之战》六龙玉怒鸦阵容玩法攻略	7200289633102697507
阵容搭配	《金铲铲之战》灵能九五阵容玩法	7200289813375063096
阵容搭配	《金铲铲之战》烈焰强袭炮手阵容搭配攻略	7200289905053193249
阵容搭配	《金铲铲之战》巨岩龙羁绊效果介绍	7200290093465867298
阵容搭配	《金铲铲之战》巨龙之巢玉龙艾尼维亚阵容攻略	7200289870618661892
阵容搭配	《金铲铲之战》巨龙之巢星界弄韦鲁斯阵容搭配推荐	7200289960904332340
阵容搭配	《金铲铲之战》巨龙之巢乌鸦主C阵容搭配推荐	7200289628145783846
阵容搭配	《金铲铲之战》巨龙之巢瑞兹装阵容玩法攻略	7200289604539503671
阵容搭配	《金铲铲之战》巨龙之巢龙拳瑟提玩法攻略	7200289940625151015
阵容搭配	《金铲铲之战》机甲精英阵容攻略	7200290085290595343
阵容搭配	《金铲铲之战》救赎悠米阵容攻略	7200289719858172985
阵容搭配	《金铲铲之战》九怒翼龙换形霞阵容玩法攻略	7200289870689129510
阵容搭配	《金铲铲之战》金龙迭嘉玩法攻略	7200289539099726887
阵容搭配	《金铲铲之战》金鳞刺玩法攻略	7200289603768079360
阵容搭配	《金铲铲之战》精英战士阵容推荐	7200290020753773583
阵容搭配	《金铲铲之战》混沌九五阵容攻略	7200289522788488203
阵容搭配	《金铲铲之战》混沌福牛阵容攻略	7200289501548516363
阵容搭配	《金铲铲之战》换形龙女阵容搭配攻略	7199941547717612600
阵容搭配	《金铲铲之战》黑客秘术小天才阵容攻略	7200290040692528162
阵容搭配	《金铲铲之战》怪兽佐伊阵容攻略	7200289616431027233
阵容搭配	《金铲铲之战》高斗武器大师玩法攻略	7200289728825152546
阵容搭配	《金铲铲之战》福星转九五阵容攻略	7200289575008752701
阵容搭配	《金铲铲之战》福星德莱厄斯阵容推荐	7200289917610726440
阵容搭配	《金铲铲之战》福星德莱厄斯阵容攻略	7200289534981411897
阵容搭配	《金铲铲之战》佛耶戈主C装备阵容搭配攻略	7200290017284101132
阵容搭配	《金铲铲之战》法转赛芬玩法攻略	7200290117943579648
阵容搭配	《金铲铲之战》法转琴女玩法攻略	7200289543629886522
阵容搭配	《金铲铲之战》赌纳尔阵容搭配推荐	7200289582007587872
阵容搭配	《金铲铲之战》赌蕾欧娜阵容玩法攻略	7200289819327075331
阵容搭配	《金铲铲之战》赌变形重组器玩法运营攻略	7200289736911557667
阵容搭配	《金铲铲之战》地下魔盗团玩法	7200289939701994536
阵容搭配	《金铲铲之战》地下魔盗团羁绊奖励介绍	7200289651511743491
阵容搭配	《金铲铲之战》冲锋冰鸟阵容攻略	7200289826891928587
阵容搭配	《金铲铲之战》超级英雄艾希S8阵容推荐	7200289940822070305
阵容搭配	《金铲铲之战》碧波龙羁绊效果介绍	7200290020652143651
阵容搭配	《金铲铲之战》变形重组器玩法攻略	7200289645496816679
阵容搭配	《金铲铲之战》八斗森林努努阵容攻略	7200289699859469345
阵容搭配	《金铲铲之战》爆杀流敖兴阵容攻略	7200289928671433780
阵容搭配	《金铲铲之战》半神神龙蛙阵容玩法攻略	7200289662932390952
阵容搭配	《金铲铲之战》黯旗刺炮阵容搭配攻略	7200289756302398468
阵容搭配	《金铲铲之战》黯灵炮手玩法攻略	7200289671530796067
阵容搭配	《金铲铲之战》爱心使者阵容攻略	7200289543789597728
阵容搭配	《金铲铲之战》T0基克炮阵容玩法攻略	7200289685028312120
阵容搭配	《金铲铲之战》s8最强上分阵容一览	7200276008213156864
阵容搭配	《金铲铲之战》S8主C塔莉垭阵容攻略	7200289833120994365
阵容搭配	《金铲铲之战》s8咒能高涨伊泽瑞尔玩法推荐	7200289490308256802
阵容搭配	《金铲铲之战》s8阵容推荐	7200289518720193568
阵容搭配	《金铲铲之战》s8战斗机甲阵容搭配	7200290050113000463
阵容搭配	《金铲铲之战》S8源计划特工劫阵容推荐	7200289763973518376
阵容搭配	《金铲铲之战》S8源计划激光特工弈子一览	7200289633702892547
阵容搭配	《金铲铲之战》s8悠米技能羁绊强化一览	7200289631983178813
阵容搭配	《金铲铲之战》s8伊泽瑞尔技能羁绊强化一览	7200289737490863138
阵容搭配	《金铲铲之战》s8亚索技能羁绊强化一览	7200289754066441256
阵容搭配	《金铲铲之战》s8辛德拉技能羁绊强化一览	7200289939681563700
阵容搭配	《金铲铲之战》S8星之守护者阵容搭配	7200289662929540157
阵容搭配	《金铲铲之战》S8小天才福牛佐伊阵容攻略	7200289904873133067
阵容搭配	《金铲铲之战》S8小天才95阵容推荐	7200290001500951564
阵容搭配	《金铲铲之战》S8特工决斗艾希阵容攻略	7200289905334375459
阵容搭配	《金铲铲之战》s8泰隆技能羁绊强化一览	7200289845586433061
阵容搭配	《金铲铲之战》S8赦除赛娜阵容推荐	7200290009487053863
阵容搭配	《金铲铲之战》S8赛季小天才95阵容攻略	7200289514224129061
阵容搭配	《金铲铲之战》s8赛季强势阵容推荐	7200289552341455904
阵容搭配	《金铲铲之战》s8赛季魔法师羁绊的效果	7200289534704473126
阵容搭配	《金铲铲之战》s8赛季秘术斗枪玩法搭配	7200289614107104316
阵容搭配	《金铲铲之战》s8赛季羁绊大全	7200289520637006848
阵容搭配	《金铲铲之战》S8赛季95福牛枪手阵容攻略	7200289783272002600
阵容搭配	《金铲铲之战》s8情报拼多多阵容推荐	7200289558146421816
阵容搭配	《金铲铲之战》s8卡莎阵容搭配	7200290100859638799
阵容搭配	《金铲铲之战》S8卡密尔阵容搭配推荐	7200289939681383476
阵容搭配	《金铲铲之战》s8卡蜜尔技能羁绊强化一览	7200289832453575735
阵容搭配	《金铲铲之战》s8枪手阵容搭配	7200289520460567608
阵容搭配	《金铲铲之战》S8枪手希维尔阵容攻略	7200289981070414863
阵容搭配	《金铲铲之战》s8强势阵容推荐	7200289515779544104
阵容搭配	《金铲铲之战》S8拼多多双子星阵容推荐	7200289879258256439
阵容搭配	《金铲铲之战》S8拼多多情报特工阵容攻略	7200289916999078927
阵容搭配	《金铲铲之战》s8拼多多尼菈阵容	7200289736912032803
阵容搭配	《金铲铲之战》s8平民枪手阵容攻略	7200289536403428387
阵容搭配	《金铲铲之战》s8女枪主c阵容搭配	7200289498386011174
阵容搭配	《金铲铲之战》S8鸟盾流决斗劫阵容攻略	7200275985462793274
阵容搭配	《金铲铲之战》S8鸟盾劫阵容攻略	7200289932576248836
阵容搭配	《金铲铲之战》S8秘术小天才95阵容推荐	7200289699859420193
阵容搭配	《金铲铲之战》S8秘术卫士阵容攻略	7200289552647885862
阵容搭配	《金铲铲之战》s8秘术索拉卡阵容搭配	7200289611183592463
阵容搭配	《金铲铲之战》S8秘术斗士索拉卡阵容攻略	7200289744722973711
阵容搭配	《金铲铲之战》S8秘法手套阵容攻略	7200289548037886988
阵容搭配	《金铲铲之战》s8李青技能羁绊强化一览	7200289571676984332
阵容搭配	《金铲铲之战》s8六怪兽阵容搭配攻略	7200289616615117827
阵容搭配	《金铲铲之战》s8灵能佐伊阵容攻略	7200289834521760801
阵容搭配	《金铲铲之战》S8灵能星守岩雀阵容攻略	7200289826720896011
阵容搭配	《金铲铲之战》S8灵能娑娜阵容推荐	7200289567961338917
阵容搭配	《金铲铲之战》s8灵能使阵容搭配	7200289599934321668
阵容搭配	《金铲铲之战》s8灵能使琴女阵容推荐	7200289508402205751
阵容搭配	《金铲铲之战》s8乐芙兰阵容推荐	7200289810680976399
阵容搭配	《金铲铲之战》s8冷门上分阵容赌璐璐攻略	7200289820693238819
阵容搭配	《金铲铲之战》s8拉莫斯技能羁绊强化一览	7200290017415222284
阵容搭配	《金铲铲之战》S8快乐璐璐阵容攻略	7200289671531140131
阵容搭配	《金铲铲之战》S8决斗激光特工阵容推荐	7200289852653425697
阵容搭配	《金铲铲之战》S8吉祥物悠米阵容搭配	7200289950515221508
阵容搭配	《金铲铲之战》S8吉祥物璐璐阵容攻略	7200289500621263924
阵容搭配	《金铲铲之战》S8机甲武器阵容推荐	7200289543349195788
阵容搭配	《金铲铲之战》S8机甲黑客璐璐阵容推荐	7200289783288239144
阵容搭配	《金铲铲之战》s8机甲贾克斯阵容玩法	7200289950707815424
阵容搭配	《金铲铲之战》S8机甲怪兽九五阵容搭配	7200290100860064783
阵容搭配	《金铲铲之战》S8激光艾希阵容推荐	7200289852154696743
阵容搭配	《金铲铲之战》s8羁绊战斗机甲介绍	7200289526253704230
阵容搭配	《金铲铲之战》s8羁绊星之守护者介绍	7200289526253311014
阵容搭配	《金铲铲之战》s8羁绊小天才介绍	7200290009176347687
阵容搭配	《金铲铲之战》s8羁绊淘气包介绍	7200289655089320975
阵容搭配	《金铲铲之战》s8羁绊情报特工介绍	7200289628145620006
阵容搭配	《金铲铲之战》s8羁绊平民英雄介绍	7200289671048647720
阵容搭配	《金铲铲之战》s8羁绊灵能使介绍	7200289713235137547
阵容搭配	《金铲铲之战》s8羁绊决斗大师介绍	7200289905334293539
阵容搭配	《金铲铲之战》s8羁绊吉祥物介绍	7200290030219170831
阵容搭配	《金铲铲之战》s8羁绊精英战士介绍	7200289966600606752
阵容搭配	《金铲铲之战》s8羁绊幻灵战队介绍	7200289599754196000
阵容搭配	《金铲铲之战》s8羁绊管理员程序介绍	7200276003583022120
阵容搭配	《金铲铲之战》s8羁绊怪兽介绍	7200289502416753722
阵容搭配	《金铲铲之战》s8羁绊福牛守护者介绍	7200289741982815264
阵容搭配	《金铲铲之战》s8羁绊地下魔盗团介绍	7200289522578510851
阵容搭配	《金铲铲之战》s8羁绊超级英雄介绍	7200289597052441652
阵容搭配	《金铲铲之战》s8羁绊爱心使者介绍	7200289490308191266
阵容搭配	《金铲铲之战》S8九五至尊枪手阵容推荐	7200289526265598987
阵容搭配	《金铲铲之战》S8精英战士阵容攻略	7200289518782632971
阵容搭配	《金铲铲之战》S8精英女枪阵容推荐	7200289583517996091
阵容搭配	《金铲铲之战》s8迦娜技能羁绊强化一览	7200289489981346868
阵容搭配	《金铲铲之战》s8混沌战士阵容搭配	7200289566732440614
阵容搭配	《金铲铲之战》s8混沌佛耶戈阵容搭配	7200289562080957479
阵容搭配	《金铲铲之战》S8混沌AI卡蜜尔阵容攻略	7200289584649933885
阵容搭配	《金铲铲之战》s8幻灵女枪阵容攻略	7200289508078900236
阵容搭配	《金铲铲之战》S8幻灵女枪劫阵容攻略	7200289727311926283
阵容搭配	《金铲铲之战》S8幻灵混沌拼多多阵容玩法攻略	7200289520670512185
阵容搭配	《金铲铲之战》S8黑客女枪劫阵容解析	7200289984468194308
阵容搭配	《金铲铲之战》S8黑客女枪劫阵容攻略	7200289879165719585
阵容搭配	《金铲铲之战》S8黑客秘术小天才阵容推荐	7200289527460631613
阵容搭配	《金铲铲之战》s8黑客秘术劫阵容推荐	7200289950276211751
阵容搭配	《金铲铲之战》S8黑客龙劫阵容攻略	7200289696021337146
阵容搭配	《金铲铲之战》S8黑客贾克斯阵容推荐	7200289645282874379
阵容搭配	《金铲铲之战》S8贾克斯转九五阵容推荐	7200289566544204839
阵容搭配	《金铲铲之战》S8怪兽卡莎阵容攻略	7200289683417945143
阵容搭配	《金铲铲之战》S8怪兽平民枪手阵容推荐	7200289771535963139
阵容搭配	《金铲铲之战》S8怪兽平民4精英阵容攻略	7200289795183088672
阵容搭配	《金铲铲之战》S8福牛守护者阵容搭配	7200276008246187060
阵容搭配	《金铲铲之战》S8福牛男刀阵容攻略	7200289596608140288
阵容搭配	《金铲铲之战》s8福牛秘术阵容推荐	7200289536402887715
阵容搭配	《金铲铲之战》S8福牛混沌九五阵容推荐	7200289645765121036
阵容搭配	《金铲铲之战》s8厄运小姐技能羁绊强化一览	7200289539016610849
阵容搭配	《金铲铲之战》s8厄斐琉斯阵容搭配推荐	7200289622470874150
阵容搭配	《金铲铲之战》S8赌狗头阵容攻略	7200289852154647591
阵容搭配	《金铲铲之战》s8赌狗艾希阵容搭配	7200290058644001844
阵容搭配	《金铲铲之战》S8斗士爱心索拉卡阵容攻略	7200289668590539787
阵容搭配	《金铲铲之战》s8地下魔盗团运营攻略	7200290024704267268
阵容搭配	《金铲铲之战》S8叠上叠狗头阵容攻略	7200289679554516003
阵容搭配	《金铲铲之战》S8登神天使阵容推荐	7200290068572361743
阵容搭配	《金铲铲之战》s8稻草人阵容搭配	7200289680998978564
阵容搭配	《金铲铲之战》S8单核克星维克兹阵容推荐	7200289599933912068
阵容搭配	《金铲铲之战》s8超英吉祥猫阵容搭配	7200289826891895819
阵容搭配	《金铲铲之战》S8超英幻灵斗士阵容攻略	7200289681484272673
阵容搭配	《金铲铲之战》S8超英爱心猫咪阵容推荐	7200289650891871289
阵容搭配	《金铲铲之战》s8超级英雄德莱文阵容推荐	7200289530526864388
阵容搭配	《金铲铲之战》S8超级泰隆阵容攻略	7200289718314849332
阵容搭配	《金铲铲之战》S8超级吉祥猫阵容推荐	7200289697460671545
阵容搭配	《金铲铲之战》S8卑尔维斯主C阵容搭配	7200289543348769804
阵容搭配	《金铲铲之战》s8卑尔维斯技能羁绊强化一览	7200289668603155460
阵容搭配	《金铲铲之战》S8爆杀流岩雀玩法推荐	7200289535959864375
阵容搭配	《金铲铲之战》S8爱心奶妈阵容玩法介绍	7200289950708061184
阵容搭配	《金铲铲之战》S8爱心秘术卫士阵容推荐	7200289861306373153
阵容搭配	《金铲铲之战》s8爱心安妮阵容攻略	7200289695832560699
阵容搭配	《金铲铲之战》s8AI程序阵容搭配	7200289737490928674
阵容搭配	《金铲铲之战》s7最新法系阵容玩法攻略	7200289710512575523
阵容搭配	《金铲铲之战》S7最强射手阵容玩法攻略	7200289826720764939
阵容搭配	《金铲铲之战》s7重骑冒险家阵容搭配	7200289779206968323
阵容搭配	《金铲铲之战》s7玉龙杰斯阵容搭配	7200289605378561056
阵容搭配	《金铲铲之战》s7岩雀主c阵容玩法	7200289535959700535
阵容搭配	《金铲铲之战》S7星界韦鲁斯阵容玩法攻略	7200289575469159476
阵容搭配	《金铲铲之战》s7星界法师阵容搭配	7200289656561964036
阵容搭配	《金铲铲之战》S7韦鲁斯主C阵容玩法攻略	7200289520632468532
阵容搭配	《金铲铲之战》s7屠龙刺客阵容搭配	7200289951414047779
阵容搭配	《金铲铲之战》s7娑娜阵容玩法攻略	7200289632884626467
阵容搭配	《金铲铲之战》S7石傲玉男刀阵容玩法攻略	7200289558146061368
阵容搭配	《金铲铲之战》s7瑞兹主C阵容玩法攻略	7200289501409924107
阵容搭配	《金铲铲之战》s7怒翼瑟提阵容玩法攻略	7200290020077917218
阵容搭配	《金铲铲之战》s7妮蔻主C阵容玩法攻略	7200289748928287804
阵容搭配	《金铲铲之战》S7龙神联盟阵容玩法攻略	7200289687377138721
阵容搭配	《金铲铲之战》s7金碧卡莎阵容玩法推荐	7200289833120519229
阵容搭配	《金铲铲之战》s7飞升六龙阵容玩法介绍	7200289749319423035
阵容搭配	《金铲铲之战》S7赌卡尔玛阵容玩法攻略	7200289515645768738
阵容搭配	《金铲铲之战》S7赌狗玉龙阵容玩法攻略	7200289834366440486
阵容搭配	《金铲铲之战》S7.5幽影格斗蛙玩法攻略	7200289549821187128
阵容搭配	《金铲铲之战》s7.5隐秘之海金鳞龙阵容攻略	7200290152320013312
阵容搭配	《金铲铲之战》s7.5迅捷怒翼霞阵容攻略	7200289575771771944
阵容搭配	《金铲铲之战》s7.5星界龙奖励机制介绍	7200290017284199436
阵容搭配	《金铲铲之战》s7.5屠龙莉莉娅阵容攻略	7200289587443766305
阵容搭配	《金铲铲之战》S7.5索姆碧波龙阵容搭配攻略	7200289542946018356
阵容搭配	《金铲铲之战》s7.5神龙敖兴阵容玩法攻略	7200289782743077922
阵容搭配	《金铲铲之战》s7.5金鳞龙阵容装备搭配攻略	7200289662932440104
阵容搭配	《金铲铲之战》s7.5碧波格斗法师阵容攻略	7200289575771640872
阵容搭配	《金铲铲之战》s7.5版本阵容推荐	7200290101132907554
阵容搭配	《金铲铲之战》AI混沌卡蜜尔阵容攻略	7200289605462594564
阵容搭配	《金铲铲之战》9碧波龙阵容玩法攻略	7200290058899821583
阵容搭配	《金铲铲之战》2.20b最强阵容推荐	7200289991700452367
阵容搭配	《金铲铲之战》2.19隐秘之海t0阵容推荐	7200289490483942415